{"cameraMode":{"drawMode":0,"name":"Shaded","section":"Shading Mode"},"sceneLighting":true,"audioPlay":false,"sceneViewState":{"showFog":true,"showMaterialUpdate":false,"showSkybox":true,"showFlares":true,"showImageEffects":true,"showParticleSystems":true,"showVisualEffectGraphs":true,"m_FxEnabled":true},"in2DMode":false,"pivot":{"x":-18.764705657958986,"y":-31.339508056640626,"z":-24.20199203491211},"rotation":{"x":-0.29535019397735598,"y":0.020687459036707879,"z":-0.005558577366173267,"w":-0.9557049870491028},"size":86.69367218017578,"orthographic":false}