{"cameraMode":{"drawMode":0,"name":"Shaded","section":"Shading Mode"},"sceneLighting":true,"audioPlay":false,"sceneViewState":{"showFog":true,"showMaterialUpdate":false,"showSkybox":true,"showFlares":true,"showImageEffects":true,"showParticleSystems":true,"showVisualEffectGraphs":true,"m_FxEnabled":true},"in2DMode":false,"pivot":{"x":-3.2869691848754885,"y":6.725492477416992,"z":-14.201302528381348},"rotation":{"x":0.048624228686094287,"y":-0.8762638568878174,"z":0.09016694873571396,"w":0.47103267908096316},"size":4.787744998931885,"orthographic":false}