{"cameraMode":{"drawMode":0,"name":"Shaded","section":"Shading Mode"},"sceneLighting":true,"audioPlay":false,"sceneViewState":{"showFog":true,"showMaterialUpdate":false,"showSkybox":true,"showFlares":true,"showImageEffects":true,"showParticleSystems":true,"showVisualEffectGraphs":true,"m_FxEnabled":true},"in2DMode":false,"pivot":{"x":25.366470336914064,"y":7.5448689460754398,"z":-61.851356506347659},"rotation":{"x":-0.1873757243156433,"y":-0.05249544605612755,"z":0.010791325010359288,"w":-0.9813275933265686},"size":2.3931198120117189,"orthographic":false}