{"cameraMode":{"drawMode":0,"name":"Shaded","section":"Shading Mode"},"sceneLighting":true,"audioPlay":false,"sceneViewState":{"showFog":true,"showMaterialUpdate":false,"showSkybox":true,"showFlares":true,"showImageEffects":true,"showParticleSystems":true,"showVisualEffectGraphs":true,"m_FxEnabled":true},"in2DMode":false,"pivot":{"x":-5.256280422210693,"y":3.8730719089508058,"z":-82.11426544189453},"rotation":{"x":-0.009035646915435791,"y":0.9778665900230408,"z":-0.03796568885445595,"w":-0.20698106288909913},"size":1.3363730907440186,"orthographic":false}