{"cameraMode":{"drawMode":0,"name":"Shaded","section":"Shading Mode"},"sceneLighting":true,"audioPlay":false,"sceneViewState":{"showFog":true,"showMaterialUpdate":false,"showSkybox":true,"showFlares":true,"showImageEffects":true,"showParticleSystems":true,"showVisualEffectGraphs":true,"m_FxEnabled":true},"in2DMode":false,"pivot":{"x":28.833539962768556,"y":3.9899911880493166,"z":-81.61196899414063},"rotation":{"x":0.00048239235184155405,"y":0.9879593253135681,"z":-0.15540550649166108,"w":0.009552949108183384},"size":12.54824447631836,"orthographic":false}