{"cameraMode":{"drawMode":0,"name":"Shaded","section":"Shading Mode"},"sceneLighting":true,"audioPlay":false,"sceneViewState":{"showFog":true,"showMaterialUpdate":false,"showSkybox":true,"showFlares":true,"showImageEffects":true,"showParticleSystems":true,"showVisualEffectGraphs":true,"m_FxEnabled":true},"in2DMode":false,"pivot":{"x":-71.73894500732422,"y":103.57159423828125,"z":-119.9246826171875},"rotation":{"x":-0.11333832144737244,"y":0.06305986642837525,"z":-0.006517404690384865,"w":-0.9920509457588196},"size":57.077877044677737,"orthographic":false}