{"cameraMode":{"drawMode":0,"name":"Shaded","section":"Shading Mode"},"sceneLighting":true,"audioPlay":false,"sceneViewState":{"showFog":true,"showMaterialUpdate":false,"showSkybox":false,"showFlares":true,"showImageEffects":true,"showParticleSystems":true,"showVisualEffectGraphs":true,"m_FxEnabled":true},"in2DMode":false,"pivot":{"x":-5.033998012542725,"y":7.5991973876953129,"z":-17.410747528076173},"rotation":{"x":0.006615545600652695,"y":-0.9915317893028259,"z":0.12314628809690476,"w":0.04489932954311371},"size":5.702136516571045,"orthographic":false}